Date,Close,week
2021-01-04,243.256668,1
2021-01-05,245.036667,1
2021-01-06,251.993332,1
2021-01-07,272.013336,1
2021-01-08,293.339996,1
2021-01-11,270.396667,2
2021-01-12,283.146667,2
2021-01-13,284.803345,2
2021-01-14,281.666656,2
2021-01-15,275.386658,2
2021-01-19,281.516663,3
2021-01-20,283.483337,3
2021-01-21,281.66333,3
2021-01-22,282.213318,3
2021-01-25,293.600006,4
2021-01-26,294.363342,4
2021-01-27,288.053345,4
2021-01-28,278.476654,4
2021-01-29,264.51001,4
2021-02-01,279.936676,5
2021-02-02,290.929993,5
2021-02-03,284.896667,5
2021-02-04,283.329987,5
2021-02-05,284.07666,5
2021-02-08,287.806671,6
2021-02-09,283.15332,6
2021-02-10,268.273346,6
2021-02-11,270.553345,6
2021-02-12,272.040009,6
2021-02-16,265.406677,7
2021-02-17,266.049988,7
2021-02-18,262.459991,7
2021-02-19,260.433319,7
2021-02-22,238.166672,8
2021-02-23,232.946671,8
2021-02-24,247.339996,8
2021-02-25,227.406662,8
2021-02-26,225.166672,8
2021-03-01,239.476669,9
2021-03-02,228.813339,9
2021-03-03,217.733337,9
2021-03-04,207.146667,9
2021-03-05,199.316666,9
2021-03-08,187.666672,10
2021-03-09,224.526672,10
2021-03-10,222.686661,10
2021-03-11,233.199997,10
2021-03-12,231.243332,10
2021-03-15,235.979996,11
2021-03-16,225.626663,11
2021-03-17,233.936661,11
2021-03-18,217.720001,11
2021-03-19,218.289993,11
2021-03-22,223.333328,12
2021-03-23,220.720001,12
2021-03-24,210.089996,12
2021-03-25,213.463333,12
2021-03-26,206.236664,12
2021-03-29,203.763336,13
2021-03-30,211.873337,13
2021-03-31,222.643326,13
2021-04-01,220.583328,13
2021-04-05,230.350006,14
2021-04-06,230.539993,14
2021-04-07,223.656662,14
2021-04-08,227.933334,14
2021-04-09,225.67334,14
2021-04-12,233.993332,15
2021-04-13,254.106674,15
2021-04-14,244.07666,15
2021-04-15,246.28334,15
2021-04-16,246.593338,15
2021-04-19,238.210007,16
2021-04-20,239.66333,16
2021-04-21,248.039993,16
2021-04-22,239.896667,16
2021-04-23,243.133331,16
2021-04-26,246.066666,17
2021-04-27,234.91333,17
2021-04-28,231.46666,17
2021-04-29,225.666672,17
2021-04-30,236.479996,17
2021-05-03,228.300003,18
2021-05-04,224.53334,18
2021-05-05,223.646667,18
2021-05-06,221.179993,18
2021-05-07,224.123337,18
2021-05-10,209.679993,19
2021-05-11,205.733337,19
2021-05-12,196.630005,19
2021-05-13,190.563339,19
2021-05-14,196.580002,19
2021-05-17,192.276672,20
2021-05-18,192.623337,20
2021-05-19,187.820007,20
2021-05-20,195.593338,20
2021-05-21,193.626663,20
2021-05-24,202.146667,21
2021-05-25,201.563339,21
2021-05-26,206.376663,21
2021-05-27,210.28334,21
2021-05-28,208.406662,21
2021-06-01,207.96666,22
2021-06-02,201.706665,22
2021-06-03,190.946671,22
2021-06-04,199.683334,22
2021-06-07,201.710007,23
2021-06-08,201.196671,23
2021-06-09,199.593338,23
2021-06-10,203.373337,23
2021-06-11,203.296661,23
2021-06-14,205.896667,24
2021-06-15,199.786667,24
2021-06-16,201.623337,24
2021-06-17,205.53334,24
2021-06-18,207.770004,24
2021-06-21,206.943329,25
2021-06-22,207.903336,25
2021-06-23,218.856674,25
2021-06-24,226.606674,25
2021-06-25,223.956665,25
2021-06-28,229.573334,26
2021-06-29,226.919998,26
2021-06-30,226.566666,26
2021-07-01,225.973328,26
2021-07-02,226.300003,26
2021-07-06,219.860001,27
2021-07-07,214.883331,27
2021-07-08,217.603333,27
2021-07-09,218.983337,27
2021-07-12,228.566666,28
2021-07-13,222.846664,28
2021-07-14,217.793335,28
2021-07-15,216.866669,28
2021-07-16,214.740005,28
2021-07-19,215.406662,29
2021-07-20,220.166672,29
2021-07-21,218.429993,29
2021-07-22,216.419998,29
2021-07-23,214.460007,29
2021-07-26,219.206665,30
2021-07-27,214.926666,30
2021-07-28,215.660004,30
2021-07-29,225.78334,30
2021-07-30,229.066666,30
2021-08-02,236.556671,31
2021-08-03,236.580002,31
2021-08-04,236.973328,31
2021-08-05,238.210007,31
2021-08-06,233.03334,31
2021-08-09,237.919998,32
2021-08-10,236.66333,32
2021-08-11,235.940002,32
2021-08-12,240.75,32
2021-08-13,239.056671,32
2021-08-16,228.723328,33
2021-08-17,221.903336,33
2021-08-18,229.66333,33
2021-08-19,224.490005,33
2021-08-20,226.753326,33
2021-08-23,235.433334,34
2021-08-24,236.16333,34
2021-08-25,237.066666,34
2021-08-26,233.720001,34
2021-08-27,237.306671,34
2021-08-30,243.636673,35
2021-08-31,245.240005,35
2021-09-01,244.696671,35
2021-09-02,244.130005,35
2021-09-03,244.523331,35
2021-09-07,250.973328,36
2021-09-08,251.289993,36
2021-09-09,251.619995,36
2021-09-10,245.42334,36
2021-09-13,247.666672,37
2021-09-14,248.16333,37
2021-09-15,251.943329,37
2021-09-16,252.330002,37
2021-09-17,253.16333,37
2021-09-20,243.389999,38
2021-09-21,246.460007,38
2021-09-22,250.646667,38
2021-09-23,251.213333,38
2021-09-24,258.130005,38
2021-09-27,263.786682,39
2021-09-28,259.186676,39
2021-09-29,260.436676,39
2021-09-30,258.493347,39
2021-10-01,258.406677,39
2021-10-04,260.51001,40
2021-10-05,260.196655,40
2021-10-06,260.916656,40
2021-10-07,264.536682,40
2021-10-08,261.829987,40
2021-10-11,263.980011,41
2021-10-12,268.573334,41
2021-10-13,270.359985,41
2021-10-14,272.773346,41
2021-10-15,281.01001,41
2021-10-18,290.036682,42
2021-10-19,288.089996,42
2021-10-20,288.600006,42
2021-10-21,298.0,42
2021-10-22,303.226654,42
2021-10-25,341.619995,43
2021-10-26,339.476654,43
2021-10-27,345.953339,43
2021-10-28,359.013336,43
2021-10-29,371.333344,43
2021-11-01,402.863342,44
2021-11-02,390.666656,44
2021-11-03,404.619995,44
2021-11-04,409.970001,44
2021-11-05,407.363342,44
2021-11-08,387.646667,45
2021-11-09,341.166656,45
2021-11-10,355.983337,45
2021-11-11,354.503326,45
2021-11-12,344.473328,45
2021-11-15,337.796661,46
2021-11-16,351.57666,46
2021-11-17,363.003326,46
2021-11-18,365.459991,46
2021-11-19,379.019989,46
2021-11-22,385.623322,47
2021-11-23,369.676666,47
2021-11-24,372.0,47
2021-11-26,360.640015,47
2021-11-29,378.996674,48
2021-11-30,381.58667,48
2021-12-01,365.0,48
2021-12-02,361.533325,48
2021-12-03,338.323334,48
2021-12-06,336.33667,49
2021-12-07,350.583344,49
2021-12-08,356.320007,49
2021-12-09,334.600006,49
2021-12-10,339.01001,49
2021-12-13,322.136658,50
2021-12-14,319.503326,50
2021-12-15,325.329987,50
2021-12-16,308.973328,50
2021-12-17,310.856659,50
2021-12-20,299.980011,51
2021-12-21,312.843323,51
2021-12-22,336.290009,51
2021-12-23,355.666656,51
2021-12-27,364.646667,52
2021-12-28,362.823334,52
2021-12-29,362.063324,52
2021-12-30,356.779999,52
2021-12-31,352.26001,52
2022-01-03,399.926666,1
2022-01-04,383.196655,1
2022-01-05,362.706665,1
2022-01-06,354.899994,1
2022-01-07,342.320007,1
2022-01-10,352.706665,2
2022-01-11,354.799988,2
2022-01-12,368.73999,2
2022-01-13,343.853333,2
2022-01-14,349.869995,2
2022-01-18,343.503326,3
2022-01-19,331.883331,3
2022-01-20,332.089996,3
2022-01-21,314.633331,3
2022-01-24,310.0,4
2022-01-25,306.133331,4
2022-01-26,312.470001,4
2022-01-27,276.366669,4
2022-01-28,282.116669,4
2022-01-31,312.23999,5
